country,name,address,source_address,website_as_listed,phone_as_listed,type,address_note
Austria,Keramikbedarf,"Hausmannstättener Straße 33, 8072 Fernitz-Mellach, Austria","Hausmannstaettener Str. 33, Fernitz - Mellach, Austria A-8072",http://www.keramikbedarf.net/,4-331-354-6342,Distributor,"Normalized address order, spelling, diacritics, and postcode formatting."
Belgium,Colpaert - Van Leemputten,"Ter Mote 5, 9850 Nevele, Belgium","Ter Mote 5, Nevele, Belgium B-9850",https://www.colpaertonline.be/,00-329-226-2826,Distributor,"Normalized address order, spelling, diacritics, and postcode formatting."
Belgium,Eurolijsten nv,"Tulpenstraat 13, 9810 Nazareth-De Pinte, Belgium","Tulpenstraat 13, 9810 Nazareth – De Pinte, Belgium",https://www.eurolijsten.be/,697-679-0114,Distributor,"Normalized address order, spelling, diacritics, and postcode formatting."
Belgium,Select Style,"Dreef ter Panne 1A, 8000 Bruges, Belgium","Dreef ter Panne 1a, Brugge, Belgium 8000",https://cosplayshop.be/en/,0032 50 34 20 88,Distributor,"Normalized address order, spelling, diacritics, and postcode formatting."
Cyprus,AIGAIA School of Art & Design,"81 Agion Omologiton Avenue, 1080 Nicosia, Cyprus","81, Agion Omologiton, Nicosia, Cyprus 1080",https://www.aigaia.com.cy/,+357 22 445757,Distributor,"Normalized address order, spelling, diacritics, and postcode formatting."
Czech Republic,Propec,"Pražská 691, 250 82 Úvaly, Czech Republic","Prazska 691, Uvaly, Czech Republic 250 82",https://www.propec.cz/,060-471-6447,Distributor,"Normalized address order, spelling, diacritics, and postcode formatting."
Denmark,Cerama,"Hammerholmen 44–48, 2650 Hvidovre, Denmark","Hammerholmen 44-48, Averdore Holme, Hvidovre, Denmark 2650",https://cerama.dk/,453-677-2222,Distributor,"Normalized address order, spelling, diacritics, and postcode formatting."
Denmark,Keramikfryd,"Præstegårds Allé 51, 2700 Brønshøj, Denmark","Praestegaard Allé 51, Brønshøj, DK-2700",https://www.keramikfryd.dk,,Distributor,"Normalized address order, spelling, diacritics, and postcode formatting."
Finland,Kerasil,"Ilvestie 6, 01900 Nurmijärvi, Finland","Ilvestie 6, Nurmijarvi, Finland 01900",http://www.kerasil.fi/,820-763-9870,Distributor,"Normalized address order, spelling, diacritics, and postcode formatting."
France,CERAM DÉCOR Besançon,"ZA de Terre Rouge, Rue de Terre Rouge, Bâtiment 9, 25220 Roche-lez-Beaupré, France","ZA DE TERRE ROUGE RUE DE TERRE ROUGE, BÂTIMENT 9, ROCHE LEZ BEAUPRÉ, 25220",https://www.ceram-decor.fr,03 81 55 57 79,Distributor,"Normalized address order, spelling, diacritics, and postcode formatting."
France,CERAM DÉCOR LA POTERIE DU VIEUX BAC,"905 avenue des Nations Unies, 59270 Bailleul, France","905 avenue des Nations unies, BAILLEUL, 59270",https://www.ceram-decor.fr,03 28 49 92 62,Distributor,"Normalized address order, spelling, diacritics, and postcode formatting."
France,CERAM DÉCOR Lyon,"58 rue des Sources, Bâtiment B, 69230 Saint-Genis-Laval, France","58 RUE DES SOURCES BÂTIMENT B, SAINT GENIS LAVAL, 69230",https://www.ceram-decor.fr,04 72 66 90 24,Distributor,"Normalized address order, spelling, diacritics, and postcode formatting."
France,CERAM DÉCOR Saint Agnan,"660 route de Montastruc, 81500 Saint-Agnan, France","660 ROUTE DE MONTASTRUC, SAINT AGNAN, 81500",https://www.ceram-decor.fr,05 61 84 26 51,Distributor,"Normalized address order, spelling, diacritics, and postcode formatting."
France,CERAM DÉCOR Sud,"ZA des 4 Chemins, 178 route de Besse, 83340 Flassans-sur-Issole, France","ZA DES 4 CHEMINS, 178 RTE DE BESSE, FLASSANS-SUR-ISSOLE, 83340",https://www.ceram-decor.fr,04 22 54 26 07,Distributor,"Normalized address order, spelling, diacritics, and postcode formatting."
France,Ceradel Antibes,"370 rue des Cistes, ZI des Trois Moulins, 06600 Antibes, France","370 rue des Cistes ZI des 3 moulins, Antibes, France 06600",https://www.ceradel.fr/,04 93 64 00 46,Distributor,"Normalized address order, spelling, diacritics, and postcode formatting."
France,Ceradel Limoges,"53 rue de la Filature, ZI Le Prouet, 87350 Panazol, France","53 rue de la Filature, ZI Le Prouet , 87350 Panazol, France",https://www.ceradel.fr/,335-535-0235,Distributor,"Normalized address order, spelling, diacritics, and postcode formatting."
France,Ceradel Lyon,"8 rue Jean-Elysée Dupuis, ZI du Tronchon, 69410 Champagne-au-Mont-d’Or, France","8 rue Jean Elysée Dupuis ZI du Tronchon, Champagne au Mont d'Or, France 69410",https://www.ceradel.fr/,04 37 49 77 80,Distributor,"Normalized address order, spelling, diacritics, and postcode formatting."
France,Ceradel Paris,"51 rue de Presles (entrance via 2 rue de la Motte), 93300 Aubervilliers, France","51 rue de Presles entrée par 2 rue de la Motte, Aubervilliers, France 93300",https://www.ceradel.fr/,01 48 11 11 11,Distributor,"Normalized address order, spelling, diacritics, and postcode formatting."
France,Ceradel Toulouse,"22–24 boulevard de Thibaud, ZI Thibaud, 31084 Toulouse Cedex 1, France","22-24 Bd de Thibaut ZI Thibaut, Toulouse Cedex 1, France 31084",https://www.ceradel.fr/,05 61 43 82 40,Distributor,"Normalized address order, spelling, diacritics, and postcode formatting."
Germany,Andrea Wolbring Gmbh & Company,"Gutenbergstraße 9, 85646 Anzing, Germany","Gutenbergstraße 9, 85646, Anzing, Germany 85646",https://www.keramikbedarf-online.de/,+49 8121 7670900,Distributor,"Normalized address order, spelling, diacritics, and postcode formatting."
Greece,Eurokeramiki P.C.,"Anatolikis Thrakis 4, 57009 Kalochori, Thessaloniki, Greece","Anatolikis Thrakis 4, Kalochori , Thessaloniki 57009",http://www.eurokeramiki.gr/,697-679-0114,Distributor,"Normalized address order, spelling, diacritics, and postcode formatting."
Greece,Ramfou K & V.G.P.,"Patera Simona 5, 141 23 Lykovrysi, Greece","Patera Simona 5, Likovrisi , Greece 141 23",https://www.ramfos.gr/,+30 21 0283 1135,Distributor,"Normalized address order, spelling, diacritics, and postcode formatting."
Hungary,Budapest Keramia,"Fadrusz utca 2, 1194 Budapest, Hungary","1194 Budapest, Fadrusz u.2., Hungary",https://bpkeramia.hu,+36 1358 1410,Distributor,"Normalized address order, spelling, diacritics, and postcode formatting."
Italy,C & C Unipersonale,"Via Pana 34, 48018 Faenza, Italy","Via Pana 34, Faenza, Italy 48018",https://www.ceramicolours.it/,905-464-6936,Distributor,"Normalized address order, spelling, diacritics, and postcode formatting."
Italy,Cibas Sas Di Poli Fabio & C.,"Strada Marchesane 207, 36061 Bassano del Grappa (VI), Italy","Strada Marchesane, 207, Bassano del Grappa (VI), Italy 36061",https://www.e-cibas.com/,+39 0424 500207,Distributor,"Normalized address order, spelling, diacritics, and postcode formatting."
Lithuania,Meno Mūza,"Dysnos g. 4, LT-01135 Vilnius, Lithuania","Dysnos g. 4, Vilnius, Lithuania LT-01135",http://www.menomuza.lt/,3-705-212-3458,Distributor,"Normalized address order, spelling, diacritics, and postcode formatting."
Lithuania,Uab Suvena,"Beržų g. 4, LT-36237 Panevėžys, Lithuania","Beržų g. 4, Panevėžys, Lithuania LT-36237",http: www.keramikams.lt,370 45 433569,Distributor,Normalized and verified using the business contact page.
Netherlands,Pottenbakster,"Jellinghausstraat 10, 5048 AZ Tilburg, Netherlands","Jellinghausstraat 10, Tilburg, Netherlands 5048 AZ",https://www.keramiekenglazuur.nl/,163-850-7955,Distributor,"Normalized address order, spelling, diacritics, and postcode formatting."
Poland,1240.design,"Aleja Wyścigowa 14A, 02-681 Warsaw, Poland","Aleja wyścigowa 14A 02-681, Warsawa, Poland 02-681",https://1240.design/,4-860-595-3110,Distributor,"Normalized address order, spelling, diacritics, and postcode formatting."
Portugal,Ceramista Shop (Lisboa),"Rua Luís Augusto Palmeirim 5 AB, 1700-272 Lisbon, Portugal",R. Luís Augusto Palmeirim nº 5 AB 1700-272 Lisboa,https://ceramistashop.pt,912 649 773,Distributor,"Normalized address order, spelling, diacritics, and postcode formatting."
Portugal,Ceramista Shop (Oeiras),"Avenida Embaixador Assis Chateaubriand 49 AB, 2780-198 Oeiras, Portugal","Avenida Embaixador Assis Chateaubriand, 49 AB 2780-198 Oeiras",https://ceramistashop.pt,912 645 373,Distributor,"Normalized address order, spelling, diacritics, and postcode formatting."
Portugal,Ceramista Shop (Porto),"Rua da Alegria 322, 4000-041 Porto, Portugal","Rua da Alegria, 322 4000-041 Porto",https://ceramistashop.pt,912 648 973,Distributor,"Normalized address order, spelling, diacritics, and postcode formatting."
Slovakia,Pece,"Nábrežná 678/7, 962 23 Očová, Slovakia","PECE spol. s r.o. Nábrežná 678/7 96 223 Očová, Slovenská republika",https://www.pece.sk/,+421 45 5324392,Distributor,"Normalized address order, spelling, diacritics, and postcode formatting."
Spain,Inglet S.L.U.,"Avenida Cervera 21, 25300 Tàrrega (Lleida), Spain","Avenida Cervera 21 (Lielda), Terrega, Spain 25300",https://www.inglet.com/,3-497-331-2312,Distributor,Corrected city/province typos using the business contact page.
Spain,Javier Herranz S.L.,"Calle Ferrocarril 33, Polígono Industrial Alparrache II, 28600 Navalcarnero, Spain","C/ Ferrocarril, 33 Pol. Ind. Alparrache II 28600, NAVALCARNERO, Spain",https://www.javierherranz.com/,+913419077,Distributor,"Normalized address order, spelling, diacritics, and postcode formatting."
Spain,Taller Gingell,"Carrer de Salvà 69–71, 08004 Barcelona, Spain","Carrer de Salvà, 69 - 71, Barcelona, Spain 8004",https://tallergingell.com/,3-466-243-7670,Distributor,"Normalized address order, spelling, diacritics, and postcode formatting."
Sweden,Art4Fun,"Landskronavägen 783 B, 257 30 Rydebäck, Sweden","Hantverk- och keramikcenter i Sverige AB, Landskronavägen , Rydebäck, Sweden 783 B",https://www.art4fun.se/,,Distributor,Corrected using the business contact page.
Sweden,Helena Hodell Produktion,"Västervägen 9, 191 47 Sollentuna, Sweden","Västervägen 9 19149, Sollentuna, Sweden 191 47",https://helenahodell.se/,+46 70 683 77 93,Distributor,"Normalized address order, spelling, diacritics, and postcode formatting."
Switzerland,Lehmhuus AG,"Neuhofweg 50, 4147 Aesch, Switzerland","Neuhofweg 50, Aesch, Switzerland, Ch-4147",https://www.lehmhuus.ch/,(+41) 61-691-9927,Distributor,Normalized and corrected address formatting.
Switzerland,Michel Verkauf & Service,"Lerchenhalde 73, 8046 Zürich, Switzerland","Lerchenhalde 73, Zurich, Switzerland 8046",https://www.michel.ch/,(+41) 44-372-1616,Distributor,Normalized and corrected address formatting.
United Kingdom,Centrado Trading Ltd - Armagh,"33 Fairgreen Road, Markethill, County Armagh BT60 1PW, United Kingdom","33 Fairgreen Rd, Markethill, Armagh City, BT60 1PW",http://www.centrado.co,028 3760 0700,Distributor,Normalized and corrected address formatting.
United Kingdom,Centrado Trading Ltd - Cambridgeshire,"Centrado House, Willow Road, The Lakes Business Park, Fenstanton, Cambridgeshire PE28 9RB, United Kingdom","Centrado House Willow Road The Lakes Business Park, Fenstanton, Cambridgeshire PE28 9RB",http://www.centrado.co,01480 445 480,Distributor,Normalized and corrected address formatting.
United Kingdom,Hot Clay Ltd,"3 Havyat Park, Havyat Road, Wrington, Bristol BS40 5PA, United Kingdom","3 Havyat Park Havyat Road, Wrington, United Kingdom BS40 5PA",https://www.hot-clay.com/,+44 (0)1934 863040,Distributor,Normalized and corrected address formatting.
United Kingdom,Potclays Limited,"Brickkiln Lane, Etruria Road, Stoke-on-Trent ST4 6JW, United Kingdom","Etruria Rd, Stoke-on-Trent, United Kingdom ST4 6JW",https://www.potclays.co.uk/,+44 1782 219816,Distributor,Normalized and corrected address formatting.
United Kingdom,Potterycrafts,"Campbell Road, Stoke-on-Trent, Staffordshire ST4 4ET, United Kingdom","Campbell Road, Stoke-on-Trent Staffordshire, United Kingdom ST4 4ET",https://www.potterycrafts.co.uk/,078-274-5000,Distributor,Normalized and corrected address formatting.
United Kingdom,Salescape Limited,"7 Brookside Centre, Sumpters Way, Temple Farm Industrial Estate, Southend-on-Sea SS2 5RR, United Kingdom","7 Brookside Centre, Sumpters Way, Temple Farm Industrial Estate, Southend-On-Sea, SS2 5RR",https://salescapeartsupply.com/,+44 7791 905006,Distributor,Normalized and corrected address formatting.
United Kingdom,Scarva Pottery Supplies,"Unit 20, Scarva Road Industrial Estate, Scarva Road, Banbridge BT32 3QD, United Kingdom","Unit 20 Scarva Rd Industrial Estate, Scarva Rd, Banbridge, United Kingdom BT32 3QD",https://www.scarva.com/,+44 28 4066 9699,Distributor,Normalized and corrected address formatting.
