country,region,name,address,source_address,website_as_listed,email_as_listed,phone_as_listed,type,address_note,source_url
United States,California,"Aardvark Clay & Supply, Inc.","Santa Ana, California, 92705, United States","Santa Ana, California, 92705, United States",https://aardvarkclay.com,,,Distributor,,https://www.maycocolors.com/distributors
United States,Indiana,Act 3 Pottery & Supplies,"Connersville, Indiana, 47331, United States","Connersville, Indiana, 47331, United States",https://www.act3pottery.com/,,,Dealer,,https://www.maycocolors.com/distributors
United States,Ohio,"Adobi Ceramics, Inc.","Columbus, Ohio, 43219, United States","Columbus, Ohio, 43219, United States",,,,Distributor,,https://www.maycocolors.com/distributors
United States,Alabama,"Alabama Art Supply, Inc.","Birmingham, Alabama, 35205, United States","Birmingham, Alabama, 35205, United States",https://alabamaart.com,,,Distributor,,https://www.maycocolors.com/distributors
United States,Ohio,All Fired Up About Ceramics,"Wilmington, Ohio, 45177, United States","Wilmington, Ohio, 45177, United States",http://www.allfiredupaboutceramics.com/,,,Dealer,,https://www.maycocolors.com/distributors
United States,Utah,Allen’s Ceramics,"Odgen, Utah, 84404, United States","Odgen, Utah, 84404, United States",https://www.facebook.com/allensceramics/,,,Distributor,,https://www.maycocolors.com/distributors
United States,Mississippi,AlleyKat Ceramics,"Gulfport, Mississippi, 39507, United States","Gulfport, Mississippi, 39507, United States",https://alleykatceramics.com,,,Distributor,,https://www.maycocolors.com/distributors
United States,Georgia,"Allison Ceramic Supply, Inc.","Columbus, Georgia, 31907, United States","Columbus, Georgia, 31907, United States",https://allisonceramicsupply.com,,,Distributor,,https://www.maycocolors.com/distributors
United States,California,Alpha Fired Arts,"Sacramento, California, 95841, United States","Sacramento, California, 95841, United States",http://www.alphafiredarts.com/,,,Distributor,,https://www.maycocolors.com/distributors
United States,Missouri,American Slip Company,"Pomona, Missouri, 65789, United States","Pomona, Missouri, 65789, United States",https://learnfiredarts.com/,,,Distributor,,https://www.maycocolors.com/distributors
United States,Montana,Archie Bray Foundation Clay,"Helena, Montana, 59602, United States","Helena, Montana, 59602, United States",http://archiebrayclay.com,,,Distributor,,https://www.maycocolors.com/distributors
United States,Texas,Armadillo Clay,"Austin, Texas, 78702, United States","Austin, Texas, 78702, United States",http://armadilloclay.com,,,Distributor,,https://www.maycocolors.com/distributors
United States,Iowa,Art Craft Studio INC,"Waterloo, Iowa, 50702, United States","Waterloo, Iowa, 50702, United States",https://www.facebook.com/profile.php?id=100063707763795,,,Dealer,,https://www.maycocolors.com/distributors
United States,Ohio,Art Supply Depo – Bowling Green,"Bowling Green, Ohio, 43402, United States","Bowling Green, Ohio, 43402, United States",https://artsupplydepo.com/,,,Dealer,,https://www.maycocolors.com/distributors
United States,Oregon,Ashland Clayhouse,"Ashland, Oregon, 97520, United States","Ashland, Oregon, 97520, United States",https://www.ashlandclayhouse.com,,,Distributor,,https://www.maycocolors.com/distributors
United States,Florida,"Atlantic Pottery Supply, Inc.","Orange Park, Florida, 32073, United States","Orange Park, Florida, 32073, United States",http://atlanticpotterysupply.com,,,Distributor,,https://www.maycocolors.com/distributors
United States,New York,Bailey Ceramic Supply,"Kingston, New York, 12402, United States","Kingston, New York, 12402, United States",https://www.baileypottery.com,,,Distributor,,https://www.maycocolors.com/distributors
United States,Oklahoma,"Bercher Ceramic Supply, Inc","Oklahoma City, Oklahoma, 73149, United States","Oklahoma City, Oklahoma, 73149, United States",http://www.bercherceramicsupply.com/,,,Distributor,,https://www.maycocolors.com/distributors
United States,Ohio,Big Creek Clay,"Cardon, Ohio, 44024, United States","Cardon, Ohio, 44024, United States",https://www.bigcreekclay.com,,,Dealer,,https://www.maycocolors.com/distributors
United States,North Carolina,Bisque Imports,"Belmont, North Carolina, 28012, United States","Belmont, North Carolina, 28012, United States",https://www.bisqueimports.com/,,,Distributor,,https://www.maycocolors.com/distributors
United States,New York,BKLYN CLAY LLC,"Brooklyn, New York, 11238, United States","Brooklyn, New York, 11238, United States",https://bklynclay.com,,,Dealer,,https://www.maycocolors.com/distributors
United States,Pennsylvania,Blick Art Materials,"Allentown, Pennsylvania, 18103, United States","Allentown, Pennsylvania, 18103, United States",https://www.dickblick.com/,,,Distributor,,https://www.maycocolors.com/distributors
United States,Minnesota,Blick Art Materials,"Roseville, Minnesota, 55113, United States","Roseville, Minnesota, 55113, United States",https://www.dickblick.com/,,,Distributor,,https://www.maycocolors.com/distributors
United States,Florida,Blick Art Materials,"Fort Lauderdale, Florida, 33334, United States","Fort Lauderdale, Florida, 33334, United States",https://www.dickblick.com/,,,Distributor,,https://www.maycocolors.com/distributors
United States,California,Blick Art Materials,"Sacramento, California, 95825, United States","Sacramento, California, 95825, United States",https://www.dickblick.com/,,,Distributor,,https://www.maycocolors.com/distributors
United States,Wisconsin,Blick Art Materials,"Milwaukee, Wisconsin, 53202, United States","Milwaukee, Wisconsin, 53202, United States",https://www.dickblick.com/,,,Distributor,,https://www.maycocolors.com/distributors
United States,California,Blick Art Materials,"Santa Monica, California, 90405, United States","Santa Monica, California, 90405, United States",https://www.dickblick.com/,,,Distributor,,https://www.maycocolors.com/distributors
United States,New York,Blick Art Materials,"Brooklyn, New York, 11205, United States","Brooklyn, New York, 11205, United States",https://www.dickblick.com/,,,Distributor,,https://www.maycocolors.com/distributors
United States,Utah,Blick Art Materials,"Salt Lake City, Utah, 84106, United States","Salt Lake City, Utah, 84106, United States",https://www.dickblick.com/,,,Distributor,,https://www.maycocolors.com/distributors
United States,Arizona,Blick Art Materials,"Tempe, Arizona, 85288, United States","Tempe, Arizona, 85288, United States",https://www.dickblick.com/,,,Distributor,,https://www.maycocolors.com/distributors
United States,Ohio,Blick Art Materials,"Cleveland Heights, Ohio, 44106, United States","Cleveland Heights, Ohio, 44106, United States",https://www.dickblick.com/,,,Distributor,,https://www.maycocolors.com/distributors
United States,Michigan,Blick Art Materials,"Royal Oak, Michigan, 48067, United States","Royal Oak, Michigan, 48067, United States",https://www.dickblick.com/,,,Distributor,,https://www.maycocolors.com/distributors
United States,Maryland,Blick Art Materials,"Baltimore, Maryland, 21201, United States","Baltimore, Maryland, 21201, United States",https://www.dickblick.com/,,,Distributor,,https://www.maycocolors.com/distributors
United States,Iowa,Blick Art Materials,"Iowa City, Iowa, 52240, United States","Iowa City, Iowa, 52240, United States",https://www.dickblick.com/,,,Distributor,,https://www.maycocolors.com/distributors
United States,Georgia,Blick Art Materials,"Rosewell, Georgia, 30075, United States","Rosewell, Georgia, 30075, United States",https://www.dickblick.com/,,,Distributor,,https://www.maycocolors.com/distributors
United States,Ohio,Blick Art Materials,"Columbus, Ohio, 43235, United States","Columbus, Ohio, 43235, United States",https://www.dickblick.com/,,,Distributor,,https://www.maycocolors.com/distributors
United States,Florida,Blick Art Materials,"Miami, Florida, 33143, United States","Miami, Florida, 33143, United States",https://www.dickblick.com/,,,Distributor,,https://www.maycocolors.com/distributors
United States,California,Blick Art Materials,"Los Angeles, California, 90025, United States","Los Angeles, California, 90025, United States",https://www.dickblick.com/,,,Distributor,,https://www.maycocolors.com/distributors
United States,Illinois,Blick Art Materials,"Wheaton, Illinois, 60187, United States","Wheaton, Illinois, 60187, United States",https://www.dickblick.com/,,,Distributor,,https://www.maycocolors.com/distributors
United States,Pennsylvania,Blick Art Materials,"Philadelphia, Pennsylvania, 19107, United States","Philadelphia, Pennsylvania, 19107, United States",https://www.dickblick.com/,,,Distributor,,https://www.maycocolors.com/distributors
United States,Minnesota,Blick Art Materials,"Edina, Minnesota, 55435, United States","Edina, Minnesota, 55435, United States",https://www.dickblick.com/,,,Distributor,,https://www.maycocolors.com/distributors
United States,Washington,Blick Art Materials,"Seattle, Washington, 98122, United States","Seattle, Washington, 98122, United States",https://www.dickblick.com/,,,Distributor,,https://www.maycocolors.com/distributors
United States,Illinois,Blick Art Materials,"Galesburg, Illinois, 61401, United States","Galesburg, Illinois, 61401, United States",https://www.dickblick.com/,,,Distributor,,https://www.maycocolors.com/distributors
United States,Georgia,Blick Art Materials,"Atlanta, Georgia, 30309, United States","Atlanta, Georgia, 30309, United States",https://www.dickblick.com/,,,Distributor,,https://www.maycocolors.com/distributors
United States,Michigan,Blick Art Materials,"Detroit, Michigan, 48201, United States","Detroit, Michigan, 48201, United States",https://www.dickblick.com/,,,Distributor,,https://www.maycocolors.com/distributors
United States,Kansas,Blick Art Materials,"Kansas, Missouri, 64111, United States","Kansas, Missouri, 64111, United States",https://www.dickblick.com/,,,Distributor,,https://www.maycocolors.com/distributors
United States,Illinois,Blick Art Materials,"Galesburg, Illinois, 61401, United States","Galesburg, Illinois, 61401, United States",https://www.dickblick.com,,,Distributor,,https://www.maycocolors.com/distributors
United States,California,Blick Art Materials,"Pasadena, California, 91105, United States","Pasadena, California, 91105, United States",https://www.dickblick.com/,,,Distributor,,https://www.maycocolors.com/distributors
United States,California,Blick Art Materials,"Oakland, California, 94618, United States","Oakland, California, 94618, United States",https://www.dickblick.com/,,,Distributor,,https://www.maycocolors.com/distributors
United States,California,Blick Art Materials,"San Diego, California, 92101, United States","San Diego, California, 92101, United States",https://www.dickblick.com/,,,Distributor,,https://www.maycocolors.com/distributors
United States,Illinois,Blick Art Materials,"Chicago, Illinois, 60622, United States","Chicago, Illinois, 60622, United States",https://www.dickblick.com/,,,Distributor,,https://www.maycocolors.com/distributors
United States,Illinois,Blick Art Materials,"Evanston, Illinois, 60201, United States","Evanston, Illinois, 60201, United States",https://www.dickblick.com/,,,Distributor,,https://www.maycocolors.com/distributors
United States,New York,Blick Art Materials,"New York, New York, 10013, United States","New York, New York, 10013, United States",https://www.dickblick.com/,,,Distributor,,https://www.maycocolors.com/distributors
United States,New York,Blick Art Materials,"New York, New York, 10003, United States","New York, New York, 10003, United States",https://www.dickblick.com/,,,Distributor,,https://www.maycocolors.com/distributors
United States,Massachusetts,Blick Art Materials,"Boston, Massachusetts, 02215, United States","Boston, Massachusetts, 2215, United States",https://www.dickblick.com/,,,Distributor,Restored the leading zero the listing drops from the ZIP.,https://www.maycocolors.com/distributors
United States,New York,Blick Art Materials,"New York, New York, 10027, United States","New York, New York, 10027, United States",https://www.dickblick.com/,,,Distributor,,https://www.maycocolors.com/distributors
United States,California,Blick Art Materials,"San Francisco, California, 94103, United States","San Francisco, California, 94103, United States",https://www.dickblick.com/,,,Distributor,,https://www.maycocolors.com/distributors
United States,New York,Blick Art Materials,"Carle Place, New York, 11514, United States","Carle Place, New York, 11514, United States",https://www.dickblick.com/,,,Distributor,,https://www.maycocolors.com/distributors
United States,New Jersey,Blick Art Materials,"Paramus, New Jersey, 07652, United States","Paramus, New Jersey, 7652, United States",https://www.dickblick.com/,,,Distributor,Restored the leading zero the listing drops from the ZIP.,https://www.maycocolors.com/distributors
United States,New York,Blick Art Materials,"New York, New York, 10002, United States","New York, New York, 10002, United States",https://www.dickblick.com/,,,Distributor,,https://www.maycocolors.com/distributors
United States,Michigan,Blick Art Materials,"Dearborn, Michigan, 48126, United States","Dearborn, Michigan, 48126, United States",https://www.dickblick.com/,,,Distributor,,https://www.maycocolors.com/distributors
United States,Connecticut,Blick Art Materials,"Plainville, Connecticut, 06062, United States","Plainville, Connecticut, 6062, United States",https://www.dickblick.com/,,,Distributor,Restored the leading zero the listing drops from the ZIP.,https://www.maycocolors.com/distributors
United States,New York,Blick Art Materials,"Brooklyn, New York, 11217, United States","Brooklyn, New York, 11217, United States",https://www.dickblick.com/,,,Distributor,,https://www.maycocolors.com/distributors
United States,Missouri,Blick Art Materials,"St. Louis, Missouri, 63144, United States","St. Louis, Missouri, 63144, United States",https://www.dickblick.com/,,,Distributor,,https://www.maycocolors.com/distributors
United States,Oregon,Blick Art Materials,"Portland, Oregon, 97209, United States","Portland, Oregon, 97209, United States",https://www.dickblick.com/,,,Distributor,,https://www.maycocolors.com/distributors
United States,Illinois,Blick Art Materials,"Schaumburg, Illinois, 60173, United States","Schaumburg, Illinois, 60173, United States",https://www.dickblick.com/,,,Distributor,,https://www.maycocolors.com/distributors
United States,Florida,Blick Art Materials,"Tampa, Florida, 33607, United States","Tampa, Florida, 33607, United States",https://www.dickblick.com/,,,Distributor,,https://www.maycocolors.com/distributors
United States,Georgia,Blick Art Materials,"Savannah, Georgia, 31401, United States","Savannah, Georgia, 31401, United States",https://www.dickblick.com/,,,Distributor,,https://www.maycocolors.com/distributors
United States,Nevada,Blick Art Materials,"Las Vegas, Nevada, 89146, United States","Las Vegas, Nevada, 89146, United States",https://www.dickblick.com/,,,Distributor,,https://www.maycocolors.com/distributors
United States,California,Blick Art Materials,"Berkeley, California, 94702, United States","Berkeley, California, 94702, United States",https://www.dickblick.com/,,,Distributor,,https://www.maycocolors.com/distributors
United States,Massachusetts,Blick Art Materials,"Cambridge, Massachusetts, 02139, United States","Cambridge, Massachusetts, 2139, United States",https://www.dickblick.com/,,,Distributor,Restored the leading zero the listing drops from the ZIP.,https://www.maycocolors.com/distributors
United States,Oregon,Blick Art Materials,"Beaverton, Oregon, 97005, United States","Beaverton, Oregon, 97005, United States",https://www.dickblick.com/,,,Distributor,,https://www.maycocolors.com/distributors
United States,Nebraska,Blick Art Materials,"Omaha Dodge, Nebraska, 68114, United States","Omaha Dodge, Nebraska, 68114, United States",https://www.dickblick.com/,,,Distributor,,https://www.maycocolors.com/distributors
United States,Arizona,Blick Art Materials,"Glendale, Arizona, 85308, United States","Glendale, Arizona, 85308, United States",https://www.dickblick.com/,,,Distributor,,https://www.maycocolors.com/distributors
United States,Illinois,Blick Art Materials,"Chicago, Illinois, 60603, United States","Chicago, Illinois, 60603, United States",https://www.dickblick.com/,,,Distributor,,https://www.maycocolors.com/distributors
United States,Kansas,Bracker’s Good Earth Clays,"Lawrence, Kansas, 66044, United States","Lawrence, Kansas, 66044, United States",https://www.brackers.com/,,,Distributor,,https://www.maycocolors.com/distributors
United States,Indiana,Brickyard Ceramics & Crafts,"Indianapolis, Indiana, 46254, United States","Indianapolis, Indiana, 46254, United States",https://brickyardceramics.com,,,Distributor,,https://www.maycocolors.com/distributors
United States,North Carolina,"Carolina Clay Connection, LLC.","Charlotte, North Carolina, 28134, United States","Charlotte, North Carolina, 28134, United States",https://carolinaclay.com,,,Distributor,,https://www.maycocolors.com/distributors
Canada,Ontario,Ceramic Arts & Pottery Supply,"Burlington, Ontario, L7M 1A1, Canada","Burlington, Ontario, L7M 1A1, Canada",https://ceramicarts.com,,,Distributor,,https://www.maycocolors.com/distributors
United States,Oklahoma,Ceramic Cottage,"Tulsa, Oklahoma, 74104, United States","Tulsa, Oklahoma, 74104, United States",https://ceramic-cottage.com/,,,Distributor,,https://www.maycocolors.com/distributors
United States,Pennsylvania,Ceramic Shop LLC.,"Norristown, Pennsylvania, 19401, United States","Norristown, Pennsylvania, 19401, United States",https://theceramicshop.com,,,Distributor,,https://www.maycocolors.com/distributors
United States,Texas,Ceramic Store of Houston,"Houston, Texas, 77008, United States","Houston, Texas, 77008, United States",https://ceramicstoreinc.com,,,Distributor,,https://www.maycocolors.com/distributors
United States,Illinois,Ceramic Supply Chicago Inc.,"Elk Grove Village, Illinois, 60007, United States","Elk Grove Village, Illinois, 60007, United States",https://ceramicsupplychicago.com,,,Distributor,,https://www.maycocolors.com/distributors
United States,New Jersey,Ceramic Supply Inc.,"Lodi, New Jersey, 17644, United States","Lodi, New Jersey, 17644, United States",https://ceramic-supply-inc.myshopify.com/,,,Distributor,,https://www.maycocolors.com/distributors
United States,Pennsylvania,Ceramic Supply Pittsburgh,"Pittsburgh, Pennsylvania, 15242, United States","Pittsburgh, Pennsylvania, 15242, United States",https://ceramicsupplypittsburgh.com,,,Distributor,,https://www.maycocolors.com/distributors
United States,Maryland,"Ceramic Supply, DMV, LLC","Baltimore, Maryland, 21209, United States","Baltimore, Maryland, 21209, United States",https://clayworkssupplies.com,,,Distributor,,https://www.maycocolors.com/distributors
United States,Virginia,"Ceramic Supply, DMV, LLC","Alexandria, Virginia, 22312, United States","Alexandria, Virginia, 22312, United States",https://clayworkssupplies.com,,,Distributor,,https://www.maycocolors.com/distributors
United States,North Carolina,"Ceramica, LLC.","Cary, North Carolina, 27513, United States","Cary, North Carolina, 27513, United States",https://www.ceramicasupply.com,,,Distributor,,https://www.maycocolors.com/distributors
Canada,Alberta,Ceramics Canada,"Calgary, Alberta, T1X 0N2, Canada","Calgary, Alberta, T1X 0N2, Canada",https://ceramicscanada.net,,,Distributor,,https://www.maycocolors.com/distributors
United States,Maryland,Chesapeake Ceramics,"Baltimore, Maryland, 21227, United States","Baltimore, Maryland, 21227, United States",https://chesapeakeceramics.com,,,Distributor,,https://www.maycocolors.com/distributors
United States,Florida,Claudia’s Mud Hut,"Pensacola, Florida, 32506, United States","Pensacola, Florida, 32506, United States",https://claudiasmudhut.wixsite.com/mysite,,,Distributor,,https://www.maycocolors.com/distributors
Canada,Ontario,Clay and Pottery Supplies,"York, ON N0A 1R0, Canada","York, ON N0A 1R0, Canada",https://www.clayandpotterysupplies.com,,,Dealer,Region inferred from the two-letter code in the listed address.,https://www.maycocolors.com/distributors
United States,Washington,Clay Art Center,"Tacoma, Washington, 98404, United States","Tacoma, Washington, 98404, United States",https://clayartcenter.net,,,Distributor,,https://www.maycocolors.com/distributors
United States,Nevada,"Clay Arts Vegas, LLC.","Las Vegas, Nevada, 89102, United States","Las Vegas, Nevada, 89102, United States",https://clayartsvegas.com,,,Dealer,,https://www.maycocolors.com/distributors
United States,California,"Clay People, Inc","Richmond, California, 94804, United States","Richmond, California, 94804, United States",https://claypeople.net/,,,Distributor,,https://www.maycocolors.com/distributors
United States,California,Clay Planet,"Santa Clara, California, 95050, United States","Santa Clara, California, 95050, United States",https://shop.clay-planet.com/?gclid=Cj0KCQjwna2FBhDPARIsACAEc_V0nZ-aDFCB8TY9tonLt8o3B3ZKEiTbtJuoZCWfG4G3rrC17RO8ZqUaAq0DEALw_wcB,,,Distributor,,https://www.maycocolors.com/distributors
United States,South Carolina,Clay-King,"Spartanburg, South Carolina, 29307, United States","Spartanburg, South Carolina, 29307, United States",https://clay-king.com,,,Distributor,,https://www.maycocolors.com/distributors
United States,New York,"Clayscapes Pottery, Inc.","Syracuse, New York, 13204, United States","Syracuse, New York, 13204, United States",https://clayscapespottery.com,,,Distributor,,https://www.maycocolors.com/distributors
United States,Illinois,CM Potteramics LLC,"East Moline, Illinois, 61244, United States","East Moline, Illinois, 61244, United States",,,,Dealer,,https://www.maycocolors.com/distributors
United States,Ohio,Columbus Clay,"Columbus, Ohio, 43212, United States","Columbus, Ohio, 43212, United States",https://columbusclay.com,,,Distributor,,https://www.maycocolors.com/distributors
United States,Colorado,Continental Clay Company – Colorado,"Denver, Colorado, 80216, United States","Denver, Colorado, 80216, United States",https://continentalclay.com,,,Distributor,,https://www.maycocolors.com/distributors
United States,Minnesota,Continental Clay Company – Minnesota,"Minneapolis, Minnesota, 55413, United States","Minneapolis, Minnesota, 55413, United States",https://continentalclay.com,,,Distributor,,https://www.maycocolors.com/distributors
United States,Ohio,Cornell Studio Supplies,"Dayton, Ohio, 45414, United States","Dayton, Ohio, 45414, United States",https://cornellstudiosupply.com/,,,Dealer,,https://www.maycocolors.com/distributors
United States,Maine,Creative Arts Center,"Brewer, Maine, 04412, United States","Brewer, Maine, 4412, United States",https://www.creativeartscenter.net,,,Distributor,Restored the leading zero the listing drops from the ZIP.,https://www.maycocolors.com/distributors
United States,California,Creative Ceramics and Glass,"Santa Rosa, California, 95403, United States","Santa Rosa, California, 95403, United States",https://creativeceramicsandglass.com,,,Distributor,,https://www.maycocolors.com/distributors
United States,Louisiana,"Creative Crafts, Inc.","Baton Rouge, Louisiana, 70815, United States","Baton Rouge, Louisiana, 70815, United States",https://www.creative-crafts.com/,,,Distributor,,https://www.maycocolors.com/distributors
United States,Minnesota,D&H Ceramics,"Duluth, Minnesota, United States","Duluth, Minnesota, United States",https://www.dandhceramics.com,,,Distributor,,https://www.maycocolors.com/distributors
United States,South Dakota,"Dakota Potters Supply, LLC.","Sioux Falls, South Dakota, 57104, United States","Sioux Falls, South Dakota, 57104, United States",https://dakotapotters.com,,,Distributor,,https://www.maycocolors.com/distributors
United States,Georgia,Davens Ceramic Center,"Chamblee, Georgia, 30341, United States","Chamblee, Georgia, 30341, United States",https://davensceramiccenter.com,,,Distributor,,https://www.maycocolors.com/distributors
United States,Ohio,Dayton United Art & Education Sup.Co.,"Centerville, Ohio, 45459, United States","Centerville, Ohio, 45459, United States",https://www.unitednow.com,,,Dealer,,https://www.maycocolors.com/distributors
United States,California,DiamondCore Tools,"El Cajon, California, 92020, United States","El Cajon, California, 92020, United States",https://diamondcoretools.com/,,,Distributor,,https://www.maycocolors.com/distributors
United States,Mississippi,Dogwood Ceramic Supply Inc,"Gulfport, Mississippi, 39503, United States","Gulfport, Mississippi, 39503, United States",https://www.dogwoodceramics.com,,,Distributor,,https://www.maycocolors.com/distributors
United States,Kansas,Evans Ceramic Supply,"Wichita, Kansas, 67211, United States","Wichita, Kansas, 67211, United States",https://evansceramics.com,,,Distributor,,https://www.maycocolors.com/distributors
United States,North Carolina,Fat Cat Pottery,"Wilmington, North Carolina, 28405, United States","Wilmington, North Carolina, 28405, United States",https://www.fatcatpottery.com,,,Distributor,,https://www.maycocolors.com/distributors
United States,North Carolina,Fat Cat Pottery (Seaside),"Ocean Isle Beach, North Carolina, 28469, United States","Ocean Isle Beach, North Carolina, 28469, United States",https://www.fatcatpottery.com,,,Distributor,,https://www.maycocolors.com/distributors
United States,Florida,Florida Clay Art,"Sanford, Florida, 32773, United States","Sanford, Florida, 32773, United States",https://flclay.com,,,Distributor,,https://www.maycocolors.com/distributors
United States,Indiana,Fort Wayne United Art & Education Sup.Co.,"Fort Wayne, Indiana, 46809, United States","Fort Wayne, Indiana, 46809, United States",https://www.unitednow.com,,,Distributor,,https://www.maycocolors.com/distributors
United States,California,Free Form Clay & Supply,"National City, California, 91950, United States","National City, California, 91950, United States",https://freeformclay.com,,,Distributor,,https://www.maycocolors.com/distributors
United States,Pennsylvania,Gem Ceramic Mold Co.,"Denver, Pennsylvania, 17517, United States","Denver, Pennsylvania, 17517, United States",https://gemceramic.com,,,Distributor,,https://www.maycocolors.com/distributors
United States,Oregon,Georgies Ceramic & Clay Co.,"Portland, Oregon, 97211, United States","Portland, Oregon, 97211, United States",https://georgies.com,,,Distributor,,https://www.maycocolors.com/distributors
United States,Nebraska,Glaser Ceramics Inc.,"Lincoln, Nebraska, 68521, United States","Lincoln, Nebraska, 68521, United States",https://glaserceramics.com,,,Distributor,,https://www.maycocolors.com/distributors
United States,Florida,Highwater Clays Of Florida,"Clearwater, Florida, 33762, United States","Clearwater, Florida, 33762, United States",https://highwaterclays.com,,,Distributor,,https://www.maycocolors.com/distributors
United States,Ohio,Hilliard United Art & Education Sup.Co.,"Hilliard, Ohio, 43026, United States","Hilliard, Ohio, 43026, United States",https://www.unitednow.com,,,Dealer,,https://www.maycocolors.com/distributors
United States,Colorado,Hobby Hut Ceramics,"Canon City, Colorado, 81215, United States","Canon City, Colorado, 81215, United States",https://hobbyhutceramics.com,,,Dealer,,https://www.maycocolors.com/distributors
United States,Oklahoma,"House Of Clay, Inc.","Oklahoma City, Oklahoma, 73118, United States","Oklahoma City, Oklahoma, 73118, United States",https://thehouseofclay.com,,,Distributor,,https://www.maycocolors.com/distributors
United States,New York,Hyatt’s Graphic Supply Co.,"Buffalo, New York, 14207, United States","Buffalo, New York, 14207, United States",https://www.hyatts.com/,,,Distributor,,https://www.maycocolors.com/distributors
United States,Michigan,Karla Von Ceramics,"Rockford, Michigan, 49341, United States","Rockford, Michigan, 49341, United States",,,,Distributor,,https://www.maycocolors.com/distributors
United States,Kentucky,"Kentucky Mudworks, Llc.","Lexington, Kentucky, 40505, United States","Lexington, Kentucky, 40505, United States",https://kymudworks.com,,,Distributor,,https://www.maycocolors.com/distributors
United States,Ohio,Kiln Room,"Columbus, Ohio, United States","Columbus, Ohio, United States",https://www.kilnroomcolumbus.com/,,,Dealer,,https://www.maycocolors.com/distributors
United States,Pennsylvania,Koch Ceramics,"Johnstown, Pennsylvania, 15902, United States","Johnstown, Pennsylvania, 15902, United States",https://www.kochceramics.com,,,Distributor,,https://www.maycocolors.com/distributors
United States,Missouri,Krueger Pottery Supplies,"Brentwood, Missouri, 63144, United States","Brentwood, Missouri, 63144, United States",https://kruegerpottery.com,,,Distributor,,https://www.maycocolors.com/distributors
United States,Mississippi,Mar-Lyn Ceramics,"West Point, Mississippi, 39773, United States","West Point, Mississippi, 39773, United States",https://marlynceramics.com,,,Distributor,,https://www.maycocolors.com/distributors
United States,Wisconsin,"Marcellas Ceramics, Inc.","Beloit, Wisconsin, 53511, United States","Beloit, Wisconsin, 53511, United States",https://www.facebook.com/MarcellasCeramics/,,,Distributor,,https://www.maycocolors.com/distributors
United States,Arizona,Marjon Ceramics – Phoenix,"Phoenix, Arizona, 85017, United States","Phoenix, Arizona, 85017, United States",https://marjonceramics.com,,,Distributor,,https://www.maycocolors.com/distributors
United States,Arizona,Marjon Ceramics – Tucson,"Tucson, Arizona, 85705, United States","Tucson, Arizona, 85705, United States",https://marjonceramics.com,,,Distributor,,https://www.maycocolors.com/distributors
United States,Florida,"Miami Ceramics and Clay Supplies, Inc.","Hialeah, Florida, 33016, United States","Hialeah, Florida, 33016, United States",http://miaceramicsandclaysupplies.com/,,,Distributor,,https://www.maycocolors.com/distributors
United States,Michigan,Michigan Art Center,"Garden City, Michigan, 48136, United States","Garden City, Michigan, 48136, United States",https://michiganartcenter.com/,,,Dealer,,https://www.maycocolors.com/distributors
United States,Illinois,Midwest Ceramics LLC,"Plano, Illinois, 60545, United States","Plano, Illinois, 60545, United States",tel:630-273-2119,,630-273-2119,Distributor,,https://www.maycocolors.com/distributors
United States,Minnesota,Minnesota Clay Co,"Plymouth, Minnesota, 55447, United States","Plymouth, Minnesota, 55447, United States",https://www.mnclay.com,,,Distributor,,https://www.maycocolors.com/distributors
United States,Indiana,Mishawaka United Art & Education Sup.Co.,"Mishawaka, Indiana, 46545, United States","Mishawaka, Indiana, 46545, United States",https://www.unitednow.com,,,Dealer,,https://www.maycocolors.com/distributors
United States,Delaware,MJG Studios Ltd,"Delaware, Ohio, 43015, United States","Delaware, Ohio, 43015, United States",,,,Dealer,,https://www.maycocolors.com/distributors
United States,Wisconsin,Nasco WI,"Fort Atkinson, Wisconsin, 53538, United States","Fort Atkinson, Wisconsin, 53538, United States",https://enasco.com,,,Distributor,,https://www.maycocolors.com/distributors
United States,Ohio,Nellie Dog Pottery and Paints,"Chillicothe, Ohio, 45601, United States","Chillicothe, Ohio, 45601, United States",https://nelliedogpottery.com/,,,Dealer,,https://www.maycocolors.com/distributors
United States,New Mexico,New Mexico Clay,"Albuquerque, New Mexico, 87107, United States","Albuquerque, New Mexico, 87107, United States",https://nmclay.com,,,Distributor,,https://www.maycocolors.com/distributors
Canada,British Columbia,North Vancouver Ceramics,"North Vancouver, British Columbia, V7P 1B3, Canada","North Vancouver, British Columbia, V7P 1B3, Canada",https://www.nvceramics.com,,,Distributor,,https://www.maycocolors.com/distributors
United States,Utah,Patty’s Ceramics,"Provo, Utah, 84601, United States","Provo, Utah, 84601, United States",https://www.pattysceramics.com,,,Distributor,,https://www.maycocolors.com/distributors
United States,Maine,Portland Pottery,"Portland, Maine, 04101, United States","Portland, Maine, 4101, United States",https://www.portlandpottery.com,,,Distributor,Restored the leading zero the listing drops from the ZIP.,https://www.maycocolors.com/distributors
United States,Massachusetts,Portland Pottery,"Braintree, Massachusetts, 02184, United States","Braintree, Massachusetts, 02184, United States",https://www.portlandpottery.com/braintree/,,,Distributor,,https://www.maycocolors.com/distributors
United States,Michigan,Pottery Lane GR,"Grand Rapids, Michigan, 49503, United States","Grand Rapids, Michigan, 49503, United States",https://www.potterylanegr.com,,,Distributor,,https://www.maycocolors.com/distributors
United States,Ohio,Queen City Clay,"Cincinnati, Ohio, 45209, United States","Cincinnati, Ohio, 45209, United States",https://queencityclay.com,,,Distributor,,https://www.maycocolors.com/distributors
United States,Texas,RoadRunner Ceramics,"San Antonio, Texas, 78249, United States","San Antonio, Texas, 78249, United States",https://roadrunnerceramics.com,,,Distributor,,https://www.maycocolors.com/distributors
United States,New York,"Rochester Ceramics, Inc","Webster, New York, 14580, United States","Webster, New York, 14580, United States",http://www.rochesterceramics.com/,,,Distributor,,https://www.maycocolors.com/distributors
United States,Michigan,Rovin Ceramics,"Ann Arbor, Michigan, 48103, United States","Ann Arbor, Michigan, 48103, United States",https://www.rovinceramics.com,,,Distributor,,https://www.maycocolors.com/distributors
United States,Michigan,Runyan Pottery Supply,"Clio, Michigan, 48420, United States","Clio, Michigan, 48420, United States",https://runyanpotterysupply.com,,,Distributor,,https://www.maycocolors.com/distributors
United States,Wisconsin,School Specialty,"Appleton, Wisconsin, 54942, United States","Appleton, Wisconsin, 54942, United States",https://schoolspecialty.com,,,Distributor,,https://www.maycocolors.com/distributors
United States,Washington,Seattle Pottery LLC.,"Seattle, Washington, 98134, United States","Seattle, Washington, 98134, United States",https://seattlepotterysupply.com,,,Distributor,,https://www.maycocolors.com/distributors
United States,Massachusetts,Sheffield Pottery Inc.,"Sheffield, Massachusetts, 01257, United States","Sheffield, Massachusetts, 1257, United States",https://sheffield-pottery.com,,,Distributor,Restored the leading zero the listing drops from the ZIP.,https://www.maycocolors.com/distributors
United States,Alaska,Sheila’s Ceramics,"Anchorage, Alaska, 99503, United States","Anchorage, Alaska, 99503, United States",https://www.facebook.com/Sheilas-Ceramics-Pottery-Supply-155498857821872/,,,Distributor,,https://www.maycocolors.com/distributors
Canada,Quebec,Sial Poterie Ste. Catherine In,"Laval, Quebec, Quebec, H7L 3S1, Canada","Laval, Quebec, Quebec, H7L 3S1, Canada",https://sial-canada.com,,,Distributor,,https://www.maycocolors.com/distributors
United States,Wyoming,Silver Sage Ceramics,"Cheyenne, Wyoming, 82001, United States","Cheyenne, Wyoming, 82001, United States",https://www.silversageceramics.com,,,Dealer,,https://www.maycocolors.com/distributors
Canada,Manitoba,Sounding Stone,"Winnipeg, Manitoba, R3T 3Y5, Canada","Winnipeg, Manitoba, R3T 3Y5, Canada",https://soundingstone.com,,,Distributor,,https://www.maycocolors.com/distributors
Canada,Ontario,Spectrum Educational Supplies Limited,"Newmarket, Ontario, L3Y 7B6, Canada","Newmarket, Ontario, L3Y 7B6, Canada",https://spectrumeducational.co.uk,,,Distributor,,https://www.maycocolors.com/distributors
United States,Colorado,Stone Leaf Pottery,"Arvada, Colorado, 80003, United States","Arvada, Colorado, 80003, United States",https://stoneleafpottery.com,,,Distributor,,https://www.maycocolors.com/distributors
United States,Utah,Sunstone Pottery and Supply,"Coalville, Utah, 84017, United States","Coalville, Utah, 84017, United States",https://sunstonepotterysupply.com/,,,Distributor,,https://www.maycocolors.com/distributors
United States,Idaho,The Potter’s Center,"Garden City, Idaho, 83714, United States","Garden City, Idaho, 83714, United States",https://thepotterscenter.com,,,Distributor,,https://www.maycocolors.com/distributors
United States,Wisconsin,The Potter’s Shop,"Waukesha, Wisconsin, 53186, United States","Waukesha, Wisconsin, 53186, United States",https://www.pottersshop.com/,,,Distributor,,https://www.maycocolors.com/distributors
United States,Utah,The Tilted Kiln,"St. George, Utah, 84770, United States","St. George, Utah, 84770, United States",,,,Distributor,,https://www.maycocolors.com/distributors
United States,Vermont,Third Branch Pottery Supply,"Randolph, Vermont, 05060, United States","Randolph, Vermont, 05060, United States",https://www.thirdbranchpotterysupply.com/,,,Distributor,,https://www.maycocolors.com/distributors
United States,Texas,"Trinity Ceramic Supply, Inc.","Dallas, Texas, 75247, United States","Dallas, Texas, 75247, United States",https://trinityceramic.com,,,Distributor,,https://www.maycocolors.com/distributors
Canada,Ontario,Tucker’s Pottery Supplies Inc.,"Richmond Hill, Ontario, L4B 1H6, Canada","Richmond Hill, Ontario, L4B 1H6, Canada",https://www.tuckerspottery.com,,,Distributor,,https://www.maycocolors.com/distributors
United States,Vermont,Vermont Ceramics LLC,"Rutland, Vermont, 05701, United States","Rutland, Vermont, 05701, United States",https://www.vermontceramic.com,,,Distributor,,https://www.maycocolors.com/distributors
United States,New York,"Webster’s Works, Wood’s Ceramics","Lake View, New York, 14085, United States","Lake View, New York, 14085, United States",,,,Distributor,,https://www.maycocolors.com/distributors
United States,Tennessee,"Wedged Ceramics Supply, LLC.","Nashville, Tennessee, 37207, United States","Nashville, Tennessee, 37207, United States",https://www.wedgedceramicssupply.com,,,Distributor,,https://www.maycocolors.com/distributors
United States,New York,"West’s Ceramic Supply, Inc.","Highland, New York, 12528, United States","Highland, New York, 12528, United States",https://westsceramicsupply.com,,,Distributor,,https://www.maycocolors.com/distributors
United States,Ohio,"Wheelhouse Studio & Supply, LLC.","Medina, OH, 44256, United States","Medina, OH, 44256, United States",https://www.wheelhousecle.com,supply@wheelhousecle.com?subject=Mayco Inquiry,440-333-2686,Distributor,Region inferred from the two-letter code in the listed address.,https://www.maycocolors.com/distributors
