tier,domain,country,name,listed_by,platform,access,catalogue_size,size_source,brand_hits,shop_signals,glaze_urls,score,url,note
A,soundingstone.com,Canada,Sounding Stone,amaco/mayco,shopify,shopify /products.json,3721,api paginated (full),mayco:1474;spectrum:576;amaco:560;coyote:434;laguna:263;duncan:236;speedball:136;standard:2,cart,2154,16918,https://www.soundingstone.com/,
A,kruegerpottery.com,United States,Krueger Pottery Supply,amaco/mayco/spectrum,shopify,shopify /products.json,4455,api paginated (full),mayco:1509;amaco:802;coyote:328;spectrum:190;duncan:70;laguna:68;speedball:31;standard:12,cart,3083,16568,https://kruegerpottery.com,
A,gwnpottery.ca,Canada,GREAT WHITE NORTH SUPP.,spectrum,shopify,shopify /products.json,3327,api paginated (full),mayco:386;coyote:237;amaco:196;laguna:183;spectrum:181;speedball:5;standard:3;duncan:2,cart,4094,11000,https://www.gwnpottery.ca/,
A,thepotterscenter.com,United States,The Potter's Center,amaco/mayco,shopify,shopify /products.json,2833,api paginated (full),mayco:951;laguna:765;amaco:336;speedball:89;standard:15;duncan:3;spectrum:1,cart,1215,10528,https://thepotterscenter.com,
A,seattlepotterysupply.com,United States,Seattle Pottery LLC,amaco/mayco,shopify,shopify /products.json,3430,api paginated (full),mayco:659;amaco:384;coyote:177;laguna:20;speedball:10;standard:7;duncan:2,cart,3058,10265,https://seattlepotterysupply.com,
A,clay-king.com,United States,clay-king.com,amaco/mayco/spectrum,woocommerce,woo store api v1,9701,x-wp-total,mayco:6;standard:4;duncan:1;laguna:1,cart,451,10188,https://www.clay-king.com/,
A,chesapeakeceramics.com,United States,Chesapeake Ceramic Supply,amaco/mayco,shopify,shopify /products.json,2764,api paginated (full),mayco:919;laguna:46;duncan:21;amaco:9;standard:2,cart,2800,8555,https://chesapeakeceramics.com,
A,sheffield-pottery.com,United States,Sheffield Pottery,amaco/mayco/spectrum,shopify,shopify /products.json,3807,api paginated (full),amaco:142;spectrum:74;speedball:73;laguna:60;coyote:42;standard:31;mayco:15;duncan:2,cart,3148,8272,https://www.sheffield-pottery.com/,
A,alabamaart.com,United States,Alabama Art Supply,amaco/mayco/spectrum,shopify,shopify /products.json,4101,api paginated (full),amaco:529;mayco:482;spectrum:141;standard:107;speedball:38;duncan:7,cart,199,8212,https://www.alabamaart.com/,
A,amaranthstoneware.ca,Canada,AMARANTH STONEWARE,amaco/spectrum,shopify,shopify /products.json,1786,api paginated (full),amaco:401;mayco:361;coyote:254;spectrum:246;laguna:158;speedball:22;standard:1,cart,1339,7454,https://amaranthstoneware.ca,
A,archiebrayclay.com,United States,Archie Bray Foundation,amaco/mayco,shopify,shopify /products.json,2258,api paginated (full),mayco:322;coyote:290;laguna:143;speedball:104;standard:5;amaco:1,cart,2453,7306,https://archiebrayclay.com,
A,ceramic-supply-inc.myshopify.com,United States,Ceramic Supply Incorporated,amaco/mayco,shopify,shopify /products.json,1697,api paginated (full),mayco:464;amaco:287;spectrum:177;standard:129;speedball:118;laguna:36,cart,1777,7107,https://ceramic-supply-inc.myshopify.com,
A,lagunaclay.com,United States,Laguna Clay Company,amaco,shopify,shopify /products.json,1876,api paginated (full),laguna:775;standard:9;speedball:6;amaco:1,cart,2103,6352,https://www.lagunaclay.com/,
A,clayscapespottery.com,United States,Clayscapes Pottery Incorporated,amaco/mayco,shopify,shopify /products.json,1278,api paginated (full),mayco:539;amaco:381;speedball:160;laguna:101;standard:9,cart,1479,6327,https://www.clayscapespottery.com/,
A,ceramicstoreinc.com,United States,Ceramic Store Houston,mayco/spectrum,shopify,shopify /products.json,2718,api paginated (full),standard:31;mayco:8;speedball:3;amaco:1;laguna:1,cart,2731,5581,https://ceramicstoreinc.com,
A,texasart.com,United States,Texas Art Supply Company,amaco,shopify,shopify /products.json,5000,api paginated (5000 cap),speedball:108;standard:9;amaco:6;spectrum:3,cart,117,5495,https://www.texasart.com/,size is a floor: pagination capped at 5000
A,deserres.ca,Canada,Deserres Incorporated,amaco,shopify,shopify /products.json,5000,api paginated (5000 cap),standard:55;speedball:31;spectrum:3;sio-2:3,cart,132,5408,https://www.deserres.ca/,size is a floor: pagination capped at 5000
A,bestkindmudshop.com,Canada,Best Kind Mud Shop,amaco,shopify,shopify /products.json,1401,api paginated (full),amaco:374;mayco:373;spectrum:283;coyote:40;laguna:36;sio-2:4;duncan:1;standard:1,cart,663,5400,https://bestkindmudshop.com,
A,sunstonepotterysupply.com,United States,Sunstone Pottery And Supply,amaco/mayco/spectrum,shopify,shopify /products.json,780,api paginated (full),mayco:379;amaco:273;laguna:223;coyote:204;speedball:60,cart,895,5092,https://sunstonepotterysupply.com,
A,bb.ca,Canada,Brault & Bouthillier Ltd,amaco,shopify,shopify /products.json,4745,api paginated (full),speedball:35;standard:5,cart,0,4865,https://bb.ca,
A,trinityceramic.com,United States,Trinity Ceramics,amaco/mayco/spectrum,woocommerce,woo store api v1,2391,x-wp-total,standard:4,cart,2103,4506,https://trinityceramic.com,
A,kymudworks.com,United States,Kentucky Mudworks LLC - Lexington,amaco/mayco,shopify,shopify /products.json,1867,api paginated (full),amaco:326;mayco:289;laguna:70;coyote:35;standard:23;speedball:2,cart,323,4425,https://kymudworks.com,
A,bigyflyco.com,United States,Big Fly,amaco,shopify,shopify /products.json,4267,api paginated (full),standard:22;spectrum:2;duncan:1;coyote:1,cart,39,4384,https://bigyflyco.com,
A,ceramicsupplypittsburgh.com,United States,Ceramic Supply Pittsburgh,amaco/mayco/spectrum,shopify,shopify /products.json,916,api paginated (full),mayco:319;amaco:217;standard:214,cart,985,4151,https://ceramicsupplypittsburgh.com,
A,rovinceramics.com,United States,ROVIN CERAMICS,amaco/mayco/spectrum,shopify,shopify /products.json,1227,api paginated (full),amaco:231;mayco:157;spectrum:37;laguna:28;speedball:18;sio-2:15;standard:2,cart,1406,4097,https://rovinceramics.com,
A,psh.ca,Canada,Pottery Supply House,amaco,shopify,shopify /products.json,2286,api paginated (full),amaco:46;laguna:18;sio-2:5;speedball:3;mayco:1;duncan:1;standard:1,cart,1363,3874,https://psh.ca,
A,mammothclay.com,United States,Mammoth Clay Company,amaco,shopify,shopify /products.json,1088,api paginated (full),amaco:245;mayco:210;coyote:46;laguna:3;standard:1,cart,1139,3742,https://mammothclay.com,
A,julietbravopottery.com,United States,Juliet Bravo Pottery,amaco,shopify,shopify /products.json,1721,api paginated (full),amaco:8;speedball:7;standard:6;mayco:2;laguna:1,cart,1936,3729,https://julietbravopottery.com,
A,capitalpotterysupplies.com,Canada,Capital Pottery,spectrum,woocommerce,woo store api v1,1730,x-wp-total,amaco:9;mayco:6;laguna:2;coyote:2,cart,1756,3543,https://capitalpotterysupplies.com,
A,cornellstudiosupply.com,United States,CORNELL STUDIO SUPPLY,amaco/mayco/spectrum,shopify,shopify /products.json,1499,api paginated (full),spectrum:179;amaco:127;laguna:107;standard:72;mayco:4;speedball:2;coyote:2,cart,420,3398,https://cornellstudiosupply.com,
A,clayworkssupplies.com,United States,CLAYWORKS SUPPLIES INC.,amaco/mayco/spectrum,woocommerce,woo store api v1,1564,x-wp-total,mayco:25;amaco:19;coyote:7;standard:5;spectrum:3;laguna:3;speedball:1,cart,1595,3348,https://clayworkssupplies.com,
A,diamondcoretools.com,United States,DiamondCore Tools,mayco,shopify,shopify /products.json,949,api paginated (full),mayco:444;coyote:74;speedball:3,cart,214,2726,https://diamondcoretools.com,
A,claypeople.net,United States,Clay People,amaco/mayco/spectrum,woocommerce,woo store api v1,1148,x-wp-total,mayco:59;amaco:36;spectrum:1,cart,1251,2687,https://claypeople.net/,
A,ofearthpotterysupply.ca,Canada,Of Earth Pottery Supply,spectrum,shopify,shopify /products.json,516,api paginated (full),spectrum:140;coyote:99;sio-2:2;standard:1,cart,679,1921,https://ofearthpotterysupply.ca,
A,sculpturesupply.com,Canada,Sculpture Supply Canada,amaco,shopify,shopify /products.json,1752,api paginated (full),speedball:21;standard:3;amaco:2;laguna:1,cart,64,1897,https://sculpturesupply.com,
A,midsouthceramics.com,United States,Mid South Ceramics Supply,amaco/spectrum,woocommerce,woo store api v1,548,x-wp-total,laguna:4,cart,1329,1889,https://midsouthceramics.com,
A,mudpuddlepottery.com,United States,Mud Puddle Pottery Studio,amaco,shopify,shopify /products.json,304,api paginated (full),amaco:156;laguna:139;mayco:1;standard:1,cart,521,1716,https://mudpuddlepottery.com,
A,gemceramic.com,United States,Gem Ceramic Molds Company,amaco/mayco,woocommerce,woo store api v1,507,x-wp-total,mayco:1;amaco:1;standard:1,cart,1169,1685,https://gemceramic.com,
A,ceramicsupplychicago.com,United States,Ceramic Supply of Chicago,amaco/mayco/spectrum,shopify,shopify /products.json,400,api paginated (full),standard:163;amaco:18;mayco:15;spectrum:4,cart,473,1473,https://ceramic-supply-chicago.myshopify.com/,
A,ceramicsupplyflorida.com,United States,Ceramic Supply Florida,spectrum,shopify,shopify /products.json,369,api paginated (full),standard:104;amaco:46;mayco:39,cart,417,1353,https://ceramicsupplyflorida.com,
A,standardceramic.com,United States,Standard Ceramics,spectrum,shopify,shopify /products.json,202,api paginated (full),standard:202,cart,272,1080,https://www.standardclay.com/,
A,deltapictureframe.com,United States,Delta Picture Frame,amaco,woocommerce,woo store api v1,807,x-wp-total,standard:1,cart,0,810,https://deltapictureframe.com,
A,highwaterclays.com,United States,Highwater Clay -Florida,amaco/mayco/spectrum,shopify,shopify /products.json,176,api paginated (full),amaco:14;spectrum:11;mayco:4;laguna:4,cart,254,529,https://highwaterclays.com,
A,studiosalespottery.com,United States,Studio Sales Pottery,amaco/spectrum,woocommerce,woo store api v1,25,x-wp-total,,cart,105,130,https://studiosalespottery.com,
B,theceramicshop.com,United States,The Ceramic Shop,amaco/mayco/spectrum,unknown,microdata Product,18869,sitemap product urls,coyote:869;mayco:551;amaco:143;speedball:121;laguna:69;standard:69;georgies:31;sio-2:25;spectrum:20;duncan:16,cart,37824,62435,https://www.theceramicshop.com/,
B,dickblick.com,United States,DICK BLICK ART MATERIALS,amaco/mayco/spectrum,unknown,json-ld Product,20256,sitemap product urls,speedball:1220;spectrum:975;standard:789;amaco:748;mayco:666;laguna:328;coyote:115;botz:51;sio-2:47;duncan:42,cart,4537,39736,https://www.dickblick.com/,
B,artistcorneronline.com,United States,Artist Corner Distribution,amaco,lightspeed,microdata Product,1936,sitemap urls,speedball:21;amaco:16;mayco:10;duncan:5;standard:3;laguna:2,cart,69,2176,https://www.artistcorneronline.com/,
B,treesaskatoon.com,Canada,T & T Tree Pottery Supply,amaco,woocommerce,json-ld Product,496,sitemap product urls,spectrum:40;amaco:2;speedball:2,cart,10,638,https://treesaskatoon.com,
B,chicagokilnservice.com,United States,Chicago Kiln Services,amaco,wix,json-ld Product,21,sitemap urls,,cart,21,42,https://www.chicagokilnservice.com/,
B,roadrunnerceramics.com,United States,Roadrunner Ceramics,amaco/mayco/spectrum,woocommerce,microdata Product,4,sitemap urls,,,4,8,https://roadrunnerceramics.com,
B,mightymud.com,United States,Mighty Mud,amaco/spectrum,wordpress,microdata Product,0,,,,0,0,https://mightymud.com,
B,allfiredupaboutceramics.com,United States,All Fired Up About Ceramics,mayco,unknown,json-ld Product,0,,,cart,0,0,https://allfiredupaboutceramics.com,
C,spectrum-nasco.ca,Canada,Spectrum Educational Supplies,spectrum,magento,,47708,sitemap product urls,spectrum:78713;speedball:270;standard:181;mayco:52;amaco:29;duncan:4,cart,516,285971,https://spectrumed.ca/en/,
C,spectrumed.ca,Canada,Spectrum Ed Supply,amaco,magento,,47708,sitemap product urls,spectrum:78713;speedball:270;standard:181;mayco:52;amaco:29;duncan:4,cart,516,285971,https://spectrumed.ca/en/,
C,mcmaster.com,United States,McMaster-Carr Supply-Il,amaco,unknown,,273163,sitemap product urls,standard:2408;amaco:3,product urls,971,281367,https://www.mcmaster.com/,
C,glaserceramics.com,United States,Glaser Ceramics Incorporated,amaco/mayco,opencart,,57003,sitemap urls,mayco:3568;duncan:1111;amaco:610;standard:7,cart,57003,129894,https://glaserceramics.com,
C,rainbowresource.com,United States,Rainbow Resource Center,amaco,unknown,,125806,sitemap urls,,,0,125806,https://rainbowresource.com,
C,walthers.com,United States,Wm K Walthers Incorporated,amaco,magento,,3190,sitemap product urls,standard:14227;spectrum:1310;coyote:7;laguna:5;duncan:3,cart,218,50064,https://www.walthers.com/,
C,schoolspecialty.com,United States,School Specialty,amaco/mayco,unknown,,39728,sitemap urls,standard:330;amaco:256;mayco:178;speedball:144;spectrum:15;laguna:2,cart,767,43270,https://www.schoolspecialty.com/,
C,bramespecialty.com,United States,Brame School Products,amaco,magento,,33154,sitemap product urls,standard:318;spectrum:6;speedball:3,cart,36,34171,https://www.bramespecialty.com/,
C,unitednow.com,United States,United Art & Education,amaco/mayco,unknown,,17289,sitemap urls,amaco:443;speedball:193;mayco:96;spectrum:91;standard:24;botz:4;duncan:2,cart,794,20642,https://www.unitednow.com,
C,compositesone.com,United States,Composites One LLC,amaco,unknown,,19983,sitemap product urls,standard:78,product urls,59,20276,https://compositesone.com/en-us,
C,creativeceramicsandglass.com,United States,Creative Ceramics & Glass,amaco/mayco/spectrum,unknown,,6418,sitemap urls,laguna:46;amaco:21;mayco:17;spectrum:10;duncan:6;speedball:4;coyote:4;georgies:4;standard:4,,6418,13184,https://www.creativeceramicsandglass.com/,
C,munrocrafts.com,United States,Munro Crafts,amaco,volusion,,12876,sitemap urls,amaco:28;spectrum:2;standard:1,,194,13163,https://www.munrocrafts.com/Default.asp,
C,notionsmarketing.com,United States,Notions Marketing,amaco,unknown,,11617,sitemap urls,speedball:162;standard:40;amaco:25;spectrum:1;laguna:1,,551,12855,https://www.notionsmarketing.com/,
C,ashlandclayhouse.com,United States,Ashland Clayhouse,mayco,wix,,6799,sitemap urls,mayco:260;amaco:204;laguna:131;coyote:130;speedball:5;spectrum:2;standard:2,cart,2110,11111,https://www.ashlandclayhouse.com/,
C,pyramidspcatalog.com,United States,Pyramid Paper Company - Florida,amaco,prestashop,,10000,sitemap urls,speedball:206;standard:36;amaco:9,cart,41,10794,https://pyramidspcatalog.com,
C,bisqueimports.com,United States,Bisque Imports,amaco/mayco,unknown,,9224,sitemap urls,duncan:40;mayco:33;amaco:1;coyote:1,,226,9675,https://www.bisqueimports.com/,
C,alligatorclay.com,United States,Southern Pottery,amaco,ecwid,,4656,sitemap product urls,amaco:12;spectrum:9;standard:9;coyote:6;laguna:3,cart,4665,9438,https://alligatorclay.com/,
C,marjonceramics.com,United States,Marjon Ceramics - Tucson,amaco/mayco,unknown,,4215,sitemap urls,mayco:14;amaco:9;laguna:7;standard:5;duncan:4;coyote:3;speedball:1,cart,4215,8559,https://www.marjonceramics.com/,
C,tuckers-pottery-supplies-inc.shoplightspeed.com,Canada,Tuckers Pottery Supplies,amaco,lightspeed,,3669,sitemap urls,coyote:189;laguna:25;amaco:21;spectrum:18;standard:14;mayco:13;sio-2:5;speedball:4;duncan:1,cart,3669,8208,https://tuckers-pottery-supplies-inc.shoplightspeed.com,
C,tuckerspottery.com,Canada,Tucker’s Pottery Supplies Inc.,mayco,lightspeed,,3669,sitemap urls,coyote:189;laguna:25;amaco:21;spectrum:18;standard:14;mayco:13;sio-2:5;speedball:4;duncan:1,cart,3669,8208,https://tuckers-pottery-supplies-inc.shoplightspeed.com/,
C,minnesotaclayusa.com,United States,Minnesota Clay USA,amaco,unknown,,3948,sitemap urls,amaco:28;mayco:15;speedball:6,cart,3948,8043,https://www.mnclay.com,
C,mnclay.com,United States,Minnesota Clay Co,mayco,unknown,,3948,sitemap urls,amaco:28;mayco:15;speedball:6,cart,3948,8043,https://www.mnclay.com,
C,alphafiredarts.com,United States,Alpha Fired Arts Incorporated,amaco/mayco,ecwid,,6786,sitemap product urls,amaco:30;mayco:15;laguna:12;coyote:3;standard:3,cart,1062,8037,https://alphafiredarts.com,
C,macphersoncrafts.com,Canada,MacPherson Arts & Crafts,amaco,unknown,,7148,sitemap urls,,,31,7179,https://macphersoncrafts.com,
C,jewelrysupply.com,United States,Jewelry Supply,amaco,unknown,,5689,sitemap urls,standard:53;amaco:22,,51,5965,https://www.jewelrysupply.com/,
C,wheelhousecle.com,United States,"Wheelhouse Studio & Supply, LLC.",mayco,wix,,2400,sitemap urls,mayco:456;amaco:145;standard:21;duncan:8;coyote:5,cart,45,4350,https://www.wheelhousecle.com/,
C,hawaiiceramicsupply.com,United States,Hawaii Ceramic Supply,amaco,unknown,,986,sitemap product urls,amaco:298;laguna:193;mayco:118;spectrum:11;duncan:6;coyote:5,product urls,996,3875,https://www.hawaiiceramicsupply.com,
C,wedgedceramicssupply.com,United States,"Wedged Ceramics Supply, LLC.",mayco,unknown,,1162,sitemap product urls,mayco:304;amaco:152;speedball:43;duncan:4;standard:1,product urls,1171,3845,https://www.wedgedceramicssupply.com,
C,kilnroomcolumbus.com,United States,Kiln Room,mayco,unknown,,975,sitemap product urls,mayco:386;amaco:192;standard:16;laguna:15,product urls,1008,3810,https://www.kilnroomcolumbus.com,
C,nvceramics.com,Canada,North Vancouver Ceramics,mayco,magento,,1200,sitemap product urls,mayco:26;duncan:1;standard:1,cart,1491,2775,https://www.nvceramics.com/,
C,armadilloclay.com,United States,Armadillo Clay & Supply,amaco/mayco/spectrum,unknown,,1306,sitemap urls,amaco:16;mayco:13;coyote:11;laguna:4;spectrum:3;standard:2;duncan:1;speedball:1,cart,1306,2765,https://www.armadilloclay.com/,
C,thespringsceramicsupply.com,United States,The Springs Ceramic Supply,amaco,unknown,,1151,sitemap product urls,amaco:82;coyote:40;mayco:5;laguna:4;speedball:3;standard:1,product urls,1162,2718,https://www.thespringsceramicsupply.com,
C,nuceramics.ca,Canada,Nu Ceramics,spectrum,wix,,1314,sitemap urls,spectrum:104;mayco:53;amaco:53;standard:1,cart,619,2566,https://www.nuceramics.ca/,
C,bigcreekclay.com,United States,Big Creek Clay,amaco/mayco,unknown,,1006,sitemap product urls,amaco:49;standard:28;mayco:18;laguna:10;duncan:2,product urls,1022,2349,https://www.bigcreekclay.com,
C,creative-crafts.com,United States,CREATIVE CRAFTS,amaco/mayco/spectrum,opencart,,500,sitemap urls,duncan:158;mayco:140;laguna:1,cart,500,1897,https://creative-crafts.com,
C,learnfiredarts.com,United States,American Slip Company,mayco,unknown,,730,sitemap product urls,mayco:209;duncan:7;standard:2,cart,392,1776,https://learnfiredarts.com,
C,pottersshop.com,United States,The Potter’s Shop,amaco/mayco/spectrum,lightspeed,,1543,sitemap urls,mayco:10;standard:6;duncan:2;speedball:1;laguna:1;coyote:1,cart,154,1760,https://www.pottersshop.com/,
C,ciypottery.com,United States,CIY Pottery,spectrum,wix,,586,sitemap urls,coyote:93;amaco:36;spectrum:36;mayco:27;standard:4;laguna:2,cart,289,1469,https://www.ciypottery.com/,
C,ceramicasupply.com,United States,Ceramica! LLC,amaco/mayco,wix,,950,sitemap urls,mayco:8;amaco:1;laguna:1;standard:1,cart,413,1396,https://www.ceramicasupply.com/,
C,artsupplydepo.com,United States,"The Art Supply Depo, LLC",amaco/mayco,unknown,,1249,sitemap product urls,standard:24;laguna:7;amaco:2;spectrum:1,cart,34,1385,https://www.artsupplydepo.com/,
C,silverleadco.com,United States,Silver Lead Paint Company,amaco,unknown,,1206,sitemap urls,amaco:6;standard:2,cart,4,1234,https://www.silverleadco.com/,
C,richinc.com,United States,R.I.C.H. Incorporated,amaco,unknown,,736,sitemap product urls,standard:24;laguna:2,cart,265,1079,https://richinc.com,
C,aardvarkclay.com,United States,Aardvark Clay & Supplies,amaco/mayco,unknown,,500,sitemap urls,amaco:18,cart,500,1054,https://aardvarkclay.com,
C,thekilndoctor.com,United States,The Kiln Doctor Incorporated,amaco,unknown,,483,sitemap product urls,amaco:9;mayco:3;standard:2;laguna:1,product urls,488,1016,https://www.thekilndoctor.com,
C,magpieartsllc.com,United States,Magpie Arts,spectrum,unknown,,831,sitemap product urls,mayco:1;amaco:1;spectrum:1;coyote:1,product urls,134,977,https://www.magpieartsllc.com,
C,potterylanegr.com,United States,Pottery Lane,mayco/spectrum,woocommerce,,467,sitemap urls,,,467,934,https://potterylanegr.com,
C,clayartsvegas.com,United States,Clay Arts Vegas,mayco/spectrum,wix,,477,sitemap urls,,cart,198,675,https://www.clayartsvegas.com/,
C,oasispottery.com,United States,Oasis Pottery,amaco,wix,,437,sitemap urls,speedball:5;amaco:1;laguna:1;georgies:1,cart,179,640,https://www.oasispottery.com/,
C,thirdbranchpotterysupply.com,United States,Third Branch Pottery Supply,amaco/mayco,wix,,379,sitemap urls,,cart,195,574,https://www.thirdbranchpotterysupply.com/,
C,sullivanpotteryhsv.com,United States,Sullivan Pottery,amaco,wix,,315,sitemap urls,amaco:3,cart,162,486,https://www.sullivanpotteryhsv.com/,
C,freeformclay.com,United States,Free Form Clay & Supply,amaco/mayco,wix,,203,sitemap urls,,cart,203,406,https://www.freeformclay.com/,
C,silversageceramics.com,United States,Silver Sage Ceramics,amaco/mayco,wix,,302,sitemap urls,,cart,46,348,https://www.silversageceramics.com/,
C,unitedindustrialsales.com,United States,United Industrial Sales,amaco,unknown,,250,sitemap product urls,standard:16,cart,1,299,https://unitedindustrialsales.com/Home.aspx,
C,hobbyhutceramics.com,United States,Hobby Hut Ceramics,mayco,wordpress,,121,sitemap urls,coyote:1,,121,245,https://hobbyhutceramics.com,
C,fatcatpottery.com,United States,Fat Cat Pottery,amaco/mayco/spectrum,magento,,138,sitemap urls,mayco:2,cart,56,200,https://www.fatcatpottery.com/,
C,brackers.com,United States,Bracker’s Good Earth,amaco/mayco/spectrum,woocommerce,,18,sitemap product urls,amaco:11;spectrum:8;laguna:3;coyote:3;duncan:1;standard:1,product urls,91,190,https://www.brackers.com/,
C,manassasclay.com,United States,Tin Barn Pottery,amaco,wordpress,,93,sitemap urls,,,93,186,https://manassasclay.com,
C,bklynclay.com,United States,BKLYN Clay LLC,amaco/mayco,magento,,26,sitemap product urls,mayco:1,cart,135,164,https://bklynclay.com,
C,act3pottery.com,United States,Act 3 Pottery & Supplies,mayco,unknown,,68,sitemap product urls,laguna:1,product urls,78,149,https://www.act3pottery.com,
C,santatheresatileworks.com,United States,Santa Theresa Tileworks,spectrum,squarespace,,143,sitemap urls,,cart,0,143,https://www.santatheresatileworks.com/,
C,rustykiln.com,United States,Rusty Kiln Pottery Studio,amaco,unknown,,40,sitemap urls,laguna:6;mayco:5;amaco:5,,40,128,https://rustykiln.com,
C,queencityclay.com,United States,QUEEN CITY CLAY,amaco/mayco/spectrum,woocommerce,,61,sitemap urls,,,61,122,https://www.queencityclay.com/,
C,pottersplacepottery.com,United States,Potter's Place,amaco,wordpress,,52,sitemap urls,,,52,104,https://pottersplacepottery.com,
C,compositescanada.com,Canada,Composites Canada ULC,amaco,woocommerce,,102,sitemap urls,,,0,102,https://compositescanada.com,
C,sial-canada.com,Canada,Sial ltee,amaco/mayco/spectrum,unknown,,100,sitemap urls,,,0,100,https://sialart.com/en,
C,theartcoop.com,United States,Art Coop Incorporated,amaco,unknown,,90,sitemap product urls,,cart,1,91,https://www.theartcoop.com/,
C,portlandpottery.com,United States,Portland Pottery,amaco/mayco,magento,,53,sitemap urls,mayco:1;amaco:1;speedball:1;laguna:1;standard:1,cart,18,86,https://portlandpottery.com,
C,atlanticpotterysupply.com,United States,"Atlantic Pottery Supply, Inc.",amaco/mayco/spectrum,wix,,46,sitemap urls,,cart,30,76,https://www.atlanticpotterysupply.com/,
C,eca.bz,United States,Eca Educational Services,amaco,wix,,62,sitemap urls,,cart,1,63,https://www.eca.bz/,
C,thetiltedkiln.com,United States,The Tilted Kiln,amaco,wordpress,,24,sitemap urls,,,24,48,https://thetiltedkiln.com/,
C,turnagainceramics.com,United States,Turnagain Ceramics,amaco,unknown,,12,sitemap product urls,,product urls,34,46,https://www.turnagainceramics.com,
C,alleykatceramics.com,United States,"AlleyKat Ceramics, LLC",amaco/mayco,unknown,,22,sitemap urls,,,22,44,https://alleykatceramics.com,
C,magnoliapotterysupply.com,United States,Magnolia Pottery Supply,spectrum,wix,,34,sitemap urls,,cart,0,34,https://www.magnoliamolds.com/,
C,magnoliamolds.com,United States,Magnolia Molds & Pottery,amaco,wix,,34,sitemap urls,,cart,0,34,https://www.magnoliamolds.com/,
C,davidartcenter.com,United States,David Art Center,amaco,magento,,32,sitemap urls,,cart,1,33,https://www.davidartcenter.com/,
C,vermontceramic.com,United States,Vermont Ceramics LLC,mayco,magento,,30,sitemap urls,,cart,3,33,https://www.vermontceramic.com/,
C,abovegroundartsupplies.com,Canada,Aboveground Art Supplies,amaco,wordpress,,32,sitemap urls,,,0,32,https://www.abovegroundartsupplies.com/,
C,ceramicscanada.net,Canada,Ceramics Canada,amaco/mayco,wordpress,,13,sitemap urls,,,13,26,https://ceramicscanada.net,
C,michiganartcenter.com,United States,Michigan Art Center,mayco,unknown,,17,sitemap product urls,amaco:1,cart,5,25,https://michiganartcenter.com,
C,amherstpotters.com,United States,Amherst Potters Supply,amaco,unknown,,13,sitemap urls,,,6,19,https://amherstpotters.com,
C,paoliclaycompany.com,United States,Paoli Clay Company,amaco,unknown,,9,sitemap urls,,,9,18,https://paoliclaycompany.com,
C,thehouseofclay.com,United States,House of Clay,amaco/mayco,unknown,,8,sitemap urls,,,8,16,https://thehouseofclay.com,
C,flclay.com,United States,Florida Clay Art Co.,amaco/mayco,unknown,,6,sitemap urls,,,6,12,https://flclay.com,
C,pattysceramics.com,United States,Patty’s Ceramics,mayco,wix,,6,sitemap urls,,cart,5,11,https://www.pattysceramics.com/,
C,texaspottery.com,United States,Texas Pottery Supply & Clay Company,amaco/spectrum,wordpress,,1,sitemap product urls,,product urls,9,10,https://texaspottery.com,
C,plainsmanclays.com,Canada,PLAINSMAN CLAY,amaco/spectrum,wix,,5,sitemap urls,,cart,5,10,https://www.plainsmanclays.com/,
C,greenbarn.com,Canada,Greenbarn Pottery,amaco/spectrum,wix,,5,sitemap urls,,cart,5,10,https://www.plainsmanclays.com/,
C,ceramic-cottage.com,United States,Ceramic Cottage,amaco/mayco,unknown,,5,sitemap urls,,,4,9,https://ceramic-cottage.com,
C,creativeartscenter.net,United States,Creative Arts Center,mayco,unknown,,9,sitemap urls,,cart,0,9,https://creativeartscenter.net,
C,crustybrush.com,United States,PINEDALE ARTS & CRAFTS,spectrum,unknown,,8,sitemap urls,,,0,8,https://crustybrush.com,
C,davensceramiccenter.com,United States,Davens Ceramic Center,amaco/mayco/spectrum,wix,,3,sitemap urls,,,3,6,https://www.davensceramiccenter.com/,
C,thevillagepotters.com,United States,The Village Potters,amaco,woocommerce,,1,sitemap product urls,,cart,3,4,https://thevillagepotters.com,
C,byemor.com,United States,Bye-Mor Incorporated,amaco,unknown,,2,sitemap urls,,,0,2,https://byemor.com,
C,georgies.com,United States,Georgie’s Ceramics,amaco/mayco/spectrum,unknown,,1,sitemap urls,,cart,0,1,https://georgies.com,
C,educatorsresource.com,United States,Educators Resource,amaco,woocommerce,,1,sitemap product urls,,product urls,0,1,https://educatorsresource.com,
C,stoneleafpottery.com,United States,Stone Leaf Pottery,amaco/mayco/spectrum,bigcommerce,,0,,,cart,0,0,https://stoneleafpottery.com/,
C,continentalclay.com,United States,Continental Clay Co.,amaco/mayco/spectrum,unknown,,0,,,cart,0,0,https://www.continentalclay.com/,
C,stores.bercherceramicsupply.com,United States,BERCHER CERAMIC SUPPLY,amaco/spectrum,unknown,,0,,,cart,0,0,https://stores.bercherceramicsupply.com/,
C,clayartcenter.net,United States,CLAY ART CENTER,amaco/mayco/spectrum,woocommerce,,0,,,cart,0,0,https://clayartcenter.net,
C,enasco.com,United States,NASCO,mayco/spectrum,magento,,0,,,cart,0,0,https://www.nascoeducation.com/,
C,artistcraftsman.com,United States,Artstock,amaco,bigcommerce,,0,,,cart,0,0,https://artistcraftsman.com,
C,cwhaydenonline.com,United States,C W Hayden Company,amaco,magento,,0,,,cart,0,0,https://www.cwhaydenonline.com,
C,shop.clay-planet.com,United States,Clay Planet,amaco/mayco,unknown,,0,,,cart,0,0,https://shop.clay-planet.com,
C,miaceramicsandclaysupplies.com,United States,Miami Ceramics And Clay,amaco/mayco,bigcommerce,,0,,,cart,0,0,https://miaceramicsandclaysupplies.com/,
C,nascoeducation.com,United States,"Nasco Education, LLC",amaco,magento,,0,,,cart,0,0,https://www.nascoeducation.com/,
C,servicereproduction.com,United States,Service Reproduction Company,amaco,bigcommerce,,0,,,cart,0,0,https://www.servicereproduction.com/,
C,ceramicarts.com,Canada,"Ceramic Arts, Inc.",amaco/mayco,bigcommerce,,0,,,cart,0,0,https://ceramicarts.com/,
C,bercherceramicsupply.com,United States,"Bercher Ceramic Supply, Inc",mayco,unknown,,0,,,cart,0,0,https://stores.bercherceramicsupply.com/,
C,clayandpotterysupplies.com,Canada,Clay and Pottery Supplies,mayco,opencart,,0,,,cart,0,0,https://clayandpotterysupplies.com,
D,axner.com,United States,Axner Co.,amaco/spectrum,unknown,,0,,,,0,0,https://www.axner.com/,
D,evansceramics.com,United States,Evans Ceramic Supply,amaco/mayco/spectrum,unknown,,0,,,,0,0,https://evansceramics.com,homepage 403 (WAF; needs a browser)
D,runyanpotterysupply.com,United States,Runyan Pottery Supply,amaco/mayco/spectrum,unknown,,0,,,,0,0,https://runyanpotterysupply.com,
D,dogwoodceramics.com,United States,Dogwood Ceramics,mayco/spectrum,unknown,,0,,,,0,0,https://dogwoodceramics.com,homepage 403 (WAF; needs a browser)
D,nmclay.com,United States,New Mexico Clay,amaco/mayco/spectrum,unknown,,0,,,,0,0,https://nmclay.com,homepage 403 (WAF; needs a browser)
D,baileypottery.com,United States,Bailey Pottery,amaco/mayco/spectrum,unknown,,0,,,,0,0,https://baileypottery.com,homepage 403 (WAF; needs a browser)
D,advanced-plastics.com,United States,"Advanced Plastics, Inc.",amaco,unknown,,0,,,,0,0,https://advanced-plastics.com,
D,artmaterialsservice.com,United States,Art Materials Service Incorporated,amaco,unknown,,0,,,,0,0,http://artmaterialsservice.com,
D,allartsupplies.com,United States,Art Supplies Wholesale,amaco,unknown,,0,,,,0,0,https://allartsupplies.com,
D,artsupplywarehouse.com,United States,Art Supply Warehouse,amaco,unknown,,0,,,,0,0,https://artsupplywarehouse.com,
D,bostonkiln.com,United States,Boston Kiln Sales & Services,amaco,unknown,,0,,,,0,0,https://bostonkiln.com,
D,brickyardceramics.com,United States,Brickyard Ceramics and Crafts,amaco/mayco,unknown,,0,,,,0,0,http://brickyardceramics.com,
D,carolinaclay.com,United States,Carolina Clay Connection,amaco/mayco,shopify,,0,,,,0,0,https://carolinaclay.com/password,
D,clay-mix.com,United States,Clay Mix,amaco,unknown,,0,,,,0,0,https://clay-mix.com,
D,columbusclay.com,United States,Columbus Clay Company,amaco/mayco,unknown,,0,,,,0,0,https://columbusclay.com,homepage 403 (WAF; needs a browser)
D,dandhceramics.com,United States,D & H Ceramics,amaco/mayco,unknown,,0,,,,0,0,http://dandhceramics.com,
D,dakotapotters.com,United States,Dakota Potter's Supply,amaco/mayco,unknown,,0,,,,0,0,https://dakotapotters.com/site-cannot-be-accessed-from-your-current-location.html,
D,fortpottery.com,United States,Fort Pottery Company,amaco,unknown,,0,,,,0,0,https://fortpottery.com,
D,hartacehardware.com,United States,Hart Ace Hardware,amaco,wordpress,,0,,,,0,0,https://hartacehardware.com,
D,hobbylobby.com,United States,Hobby Lobby Incorporated Warehouse,amaco,unknown,,0,,,,0,0,https://www.hobbylobby.com/,homepage 403 (WAF; needs a browser)
D,internationalmoulding.com,United States,International Moulding,amaco,unknown,,0,,,,0,0,https://internationalmoulding.com,
D,batterdenkilns.com,United States,Jay Batterden,amaco,unknown,,0,,,,0,0,https://batterdenkilns.com,
D,joann.com,United States,Jo-Ann Stores Incorporated,amaco,unknown,,0,,,,0,0,https://www.michaels.com/lp/welcome-joann?joannweb,homepage 403 (WAF; needs a browser)
D,kurtzbros.com,United States,Kurtz Brothers,amaco,unknown,,0,,,,0,0,https://www.kurtzbros.com/,homepage 403 (WAF; needs a browser)
D,michaels.com,United States,Michaels Stores,amaco,unknown,,0,,,,0,0,https://www.michaels.com/,homepage 403 (WAF; needs a browser)
D,nu-idea.com,United States,Nu-Idea School Supply,amaco,unknown,,0,,,,0,0,https://www.nu-idea.com/,
D,pa-dist.com,United States,Petersen-Arne,amaco,unknown,,0,,,,0,0,https://pa-dist.com/SignIn,
D,slsarts.com,United States,S L S Arts Incorporated,amaco,unknown,,0,,,,0,0,https://slsarts.com,
D,sculpt.com,United States,The Compleat Sculptor Incorporated,amaco,unknown,,0,,,,0,0,https://sculpt.com,
D,virco.com,United States,Virco Manufacturing Corporation,amaco,unknown,,0,,,,0,0,https://virco.com,homepage 403 (WAF; needs a browser)
D,wbmason.com,United States,W. B. Mason Company Incorporated,amaco,unknown,,0,,,,0,0,https://wbmason.com/,
D,picturedepot.ca,Canada,Picture Depot Incorporated,amaco,unknown,,0,,,,0,0,http://picturedepot.ca/login?ReturnUrl=%2f,
D,facebook.com,United States,Allen’s Ceramics,mayco,unknown,,0,,,,0,0,https://www.facebook.com/,
D,hyatts.com,United States,Hyatt’s Graphic Supply Co.,mayco,unknown,,0,,,,0,0,https://www.hyatts.com/,
D,kochceramics.com,United States,Koch Ceramics,mayco,unknown,,0,,,,0,0,https://kochceramics.com,homepage 403 (WAF; needs a browser)
D,nelliedogpottery.com,United States,Nellie Dog Pottery and Paints,mayco,unknown,,0,,,,0,0,https://nelliedogpottery.com,homepage 403 (WAF; needs a browser)
D,rochesterceramics.com,United States,"Rochester Ceramics, Inc",mayco,unknown,,0,,,,0,0,https://rochesterceramics.com,
D,spectrumeducational.co.uk,Canada,Spectrum Educational Supplies Limited,mayco,unknown,,0,,,,0,0,https://spectrumeducational.co.uk,
D,westsceramicsupply.com,United States,"West’s Ceramic Supply, Inc.",mayco,unknown,,0,,,,0,0,https://expireddomains.com/domain/westsceramicsupply.com?utm_source=redi,
X,eceramicsupply.com,United States,Ceramic Supply Inc.,spectrum,unknown,,0,,,,0,0,https://eceramicsupply.com,unreachable
X,bestkindofmudshop.com,Canada,Best Kind of Mud,spectrum,unknown,,0,,,,0,0,https://bestkindofmudshop.com,unreachable
X,tuckerspotteryeshop.com,Canada,Tucker’s Pottery,spectrum,unknown,,0,,,,0,0,https://tuckerspotteryeshop.com,unreachable
X,cascadeschoolsupplies.com,United States,Cascade School Supplies,amaco,unknown,,0,,,,0,0,https://cascadeschoolsupplies.com,unreachable
X,store.ceramicstoreinc.com,United States,Ceramic Store of Houston,amaco,unknown,,0,,,,0,0,https://store.ceramicstoreinc.com,unreachable
X,commercialartsupply.com,United States,Commercial Art Supply,amaco,unknown,,0,,,,0,0,https://commercialartsupply.com,unreachable
X,decormoulding.com,United States,Decor Moulding Ltd,amaco,unknown,,0,,,,0,0,https://decormoulding.com,unreachable
X,larsonjuhl.com,United States,Larson-Juhl,amaco,unknown,,0,,,,0,0,https://larsonjuhl.com,unreachable
X,macphersonart.com,United States,Macpherson Wholesale District,amaco,unknown,,0,,,,0,0,https://macphersonart.com,unreachable
X,marlynceramics.com,United States,Mar-Lyn Ceramics,amaco/mayco,unknown,,0,,,,0,0,https://marlynceramics.com,unreachable
X,southern-pottery-equipment-amp-supplies.shoplightspeed.com,United States,Southern Pottery Equipment & Supplies,amaco,unknown,,0,,,,0,0,https://southern-pottery-equipment-amp-supplies.shoplightspeed.com,unreachable
X,midohioceramicsupply.com,United States,The Kiln Room,amaco,unknown,,0,,,,0,0,https://midohioceramicsupply.com,unreachable
X,allisonceramicsupply.com,United States,"Allison Ceramic Supply, Inc.",mayco,unknown,,0,,,,0,0,https://allisonceramicsupply.com,unreachable
X,claudiasmudhut.wixsite.com,United States,Claudia’s Mud Hut,mayco,unknown,,0,,,,0,0,https://claudiasmudhut.wixsite.com,unreachable
X,tel,United States,Midwest Ceramics LLC,mayco,unknown,,0,,,,0,0,https://tel,unreachable
